specifier	resolved	diagnostic
@vrooli/react-component-library/Alert/1.0.0	true	
@vrooli/react-component-library/AlertDialog/1.0.0	true	
@vrooli/react-component-library/ArrayField/1.0.0	true	
@vrooli/react-component-library/AspectRatio/1.0.0	true	
@vrooli/react-component-library/AsyncBoundary/1.0.0	true	
@vrooli/react-component-library/AsyncOptionsField/1.0.0	true	
@vrooli/react-component-library/AsyncPanel/1.0.0	true	
@vrooli/react-component-library/AuditTrail/1.0.0	true	
@vrooli/react-component-library/AutoAnimateLayout/1.0.0	true	
@vrooli/react-component-library/Avatar/1.0.0	true	
@vrooli/react-component-library/Badge/1.0.0	true	
@vrooli/react-component-library/BoundedMeter/1.0.2	true	
@vrooli/react-component-library/Button/2.0.0	true	
@vrooli/react-component-library/ButtonGroup/1.0.0	true	
@vrooli/react-component-library/ButtonGroup/1.1.1	true	
@vrooli/react-component-library/Card/1.1.0	true	
@vrooli/react-component-library/CardGrid/1.0.0	true	
@vrooli/react-component-library/Chart/1.0.0	true	
@vrooli/react-component-library/Chip/1.0.0	true	
@vrooli/react-component-library/ClassMerge/1.0.1	null	library import "@vrooli/react-component-library/ClassMerge/1.0.1" does not resolve to a catalog asset
@vrooli/react-component-library/Cluster/1.0.0	true	
@vrooli/react-component-library/CollapsibleRegion/1.0.0	true	
@vrooli/react-component-library/CommandPalette/1.0.0	true	
@vrooli/react-component-library/CommandRegistry/1.0.0	null	library import "@vrooli/react-component-library/CommandRegistry/1.0.0" does not resolve to a catalog asset
@vrooli/react-component-library/ComputedField/1.0.0	true	
@vrooli/react-component-library/ConditionalField/1.0.0	true	
@vrooli/react-component-library/ConflictResolutionFlow/1.0.0	true	
@vrooli/react-component-library/Container/1.1.2	true	
@vrooli/react-component-library/Contracts/1.0.0	null	library import "@vrooli/react-component-library/Contracts/1.0.0" does not resolve to a catalog asset
@vrooli/react-component-library/ControlBase/1.0.0	true	
@vrooli/react-component-library/DataTable/1.3.0	true	
@vrooli/react-component-library/DataToolbar/1.0.0	true	
@vrooli/react-component-library/DescriptionList/1.0.0	true	
@vrooli/react-component-library/DiffViewer/1.0.0	true	
@vrooli/react-component-library/DirtyStateGuard/1.0.0	true	
@vrooli/react-component-library/DragDropStore/1.0.0	null	library import "@vrooli/react-component-library/DragDropStore/1.0.0" does not resolve to a catalog asset
@vrooli/react-component-library/DrawerShell/1.0.0	true	
@vrooli/react-component-library/ErrorState/1.0.0	true	
@vrooli/react-component-library/ExperienceSurface/1.0.0	true	
@vrooli/react-component-library/FilePreview/1.0.0	true	
@vrooli/react-component-library/FilterBar/1.0.0	true	
@vrooli/react-component-library/Form/1.0.0	true	
@vrooli/react-component-library/FormActions/1.0.0	true	
@vrooli/react-component-library/FormField/1.0.0	true	
@vrooli/react-component-library/FormSection/1.0.0	true	
@vrooli/react-component-library/FormStore/1.0.0	null	library import "@vrooli/react-component-library/FormStore/1.0.0" does not resolve to a catalog asset
@vrooli/react-component-library/Heading/1.1.0	true	
@vrooli/react-component-library/Icon/1.1.0	true	
@vrooli/react-component-library/IconButton/2.0.0	true	
@vrooli/react-component-library/IconRegistry/1.0.0	null	library import "@vrooli/react-component-library/IconRegistry/1.0.0" does not resolve to a catalog asset
@vrooli/react-component-library/LayerManager/1.0.0	null	library import "@vrooli/react-component-library/LayerManager/1.0.0" does not resolve to a catalog asset
@vrooli/react-component-library/LayoutGroup/1.0.0	true	
@vrooli/react-component-library/LiveAnnouncer/1.0.0	null	library import "@vrooli/react-component-library/LiveAnnouncer/1.0.0" does not resolve to a catalog asset
@vrooli/react-component-library/MonetizationAccount/1.0.0	true	
@vrooli/react-component-library/MotionPrimitive/1.0.0	true	
@vrooli/react-component-library/NavLink/1.0.0	true	
@vrooli/react-component-library/ObjectField/1.0.0	true	
@vrooli/react-component-library/PageHeader/1.0.0	true	
@vrooli/react-component-library/Popover/1.0.0	true	
@vrooli/react-component-library/Popover/1.1.0	true	
@vrooli/react-component-library/Presence/1.0.0	true	
@vrooli/react-component-library/Pressable/1.0.0	true	
@vrooli/react-component-library/Progress/1.0.0	true	
@vrooli/react-component-library/ProgressiveImage/1.1.0	true	
@vrooli/react-component-library/RelativeTime/1.0.0	true	
@vrooli/react-component-library/ResourceDetail/1.0.0	true	
@vrooli/react-component-library/SearchInput/1.0.0	true	
@vrooli/react-component-library/SearchResults/1.0.4	true	
@vrooli/react-component-library/Select/1.1.0	true	
@vrooli/react-component-library/SelectionControl/1.0.0	true	
@vrooli/react-component-library/SelectionStore/1.0.0	null	library import "@vrooli/react-component-library/SelectionStore/1.0.0" does not resolve to a catalog asset
@vrooli/react-component-library/ShortcutRegistry/1.0.0	null	library import "@vrooli/react-component-library/ShortcutRegistry/1.0.0" does not resolve to a catalog asset
@vrooli/react-component-library/SplitView/1.0.0	true	
@vrooli/react-component-library/Stack/1.0.0	true	
@vrooli/react-component-library/Stack/1.2.1	true	
@vrooli/react-component-library/StatusIndicator/1.0.0	true	
@vrooli/react-component-library/Surface/1.0.0	true	
@vrooli/react-component-library/Table/1.0.0	true	
@vrooli/react-component-library/Tabs/1.0.0	true	
@vrooli/react-component-library/Text/1.0.0	true	
@vrooli/react-component-library/ToastManager/1.0.0	null	library import "@vrooli/react-component-library/ToastManager/1.0.0" does not resolve to a catalog asset
@vrooli/react-component-library/Toggle/1.0.0	true	
@vrooli/react-component-library/Tokens/1.0.0	null	library import "@vrooli/react-component-library/Tokens/1.0.0" does not resolve to a catalog asset
@vrooli/react-component-library/Toolbar/1.0.0	true	
@vrooli/react-component-library/Tooltip/1.0.1	true	
@vrooli/react-component-library/UndoBanner/1.0.0	true	
@vrooli/react-component-library/UndoManager/1.0.0	null	library import "@vrooli/react-component-library/UndoManager/1.0.0" does not resolve to a catalog asset
@vrooli/react-component-library/UnsavedChangesFlow/1.0.0	true	
@vrooli/react-component-library/ValidationSummary/1.0.0	true	
@vrooli/react-component-library/VisualRecipes/1.0.0	null	library import "@vrooli/react-component-library/VisualRecipes/1.0.0" does not resolve to a catalog asset
@vrooli/react-component-library/createScopedStore/1.0.0	null	library import "@vrooli/react-component-library/createScopedStore/1.0.0" does not resolve to a catalog asset
@vrooli/react-component-library/useAbortableTask/1.0.0	true	
@vrooli/react-component-library/useAnnounce/1.0.0	true	
@vrooli/react-component-library/useAsyncAction/1.0.0	true	
@vrooli/react-component-library/useControllableState/1.0.0	true	
@vrooli/react-component-library/useDirection/1.0.0	true	
@vrooli/react-component-library/useDrag/1.0.0	true	
@vrooli/react-component-library/useElementRect/1.0.0	true	
@vrooli/react-component-library/useEscapeKey/1.0.0	true	
@vrooli/react-component-library/useFocusTrap/1.0.0	true	
@vrooli/react-component-library/useLocale/1.0.0	true	
@vrooli/react-component-library/useLocale/1.0.1	true	
@vrooli/react-component-library/useMediaQuery/1.0.0	true	
@vrooli/react-component-library/useNetworkStatus/1.0.0	true	
@vrooli/react-component-library/useOptimisticAction/1.0.0	true	
@vrooli/react-component-library/useOutsideInteraction/1.0.0	true	
@vrooli/react-component-library/useReducedMotion/1.0.0	true	
@vrooli/react-component-library/useRetry/1.0.0	true	
@vrooli/react-component-library/useRovingFocus/1.0.0	true	
@vrooli/react-component-library/useScrollLock/1.0.0	true	
@vrooli/react-component-library/useTypeahead/1.0.0	true	
