library_id	http_status
react-component-library:Alert	200
react-component-library:AlertDialog	200
react-component-library:AppNavigation	200
react-component-library:AppShell	200
react-component-library:ApprovalPrompt	200
react-component-library:ArrayField	200
react-component-library:AssetDetailShell	200
react-component-library:AsyncBoundary	200
react-component-library:AsyncFormFlow	200
react-component-library:AsyncOptionsField	200
react-component-library:AsyncPanel	200
react-component-library:AttachmentPreview	200
react-component-library:AuditTrail	200
react-component-library:AuthSection	200
react-component-library:AutoAnimateLayout	200
react-component-library:Avatar	200
react-component-library:BottomNav	200
react-component-library:BoundedMeter	200
react-component-library:BudgetBar	200
react-component-library:BulkActionBar	200
react-component-library:Button	200
react-component-library:ButtonGroup	200
react-component-library:Calendar	200
react-component-library:CanvasFrame	200
react-component-library:CaptureGrid	200
react-component-library:Card	200
react-component-library:CardGrid	200
react-component-library:CartesianCharts	200
react-component-library:Chart	200
react-component-library:Checkbox	200
react-component-library:Chip	200
react-component-library:CollapsibleRegion	200
react-component-library:CollectionPage	200
react-component-library:ColorPicker	200
react-component-library:Combobox	200
react-component-library:CommandButton	200
react-component-library:CommandCenterShell	200
react-component-library:CommandPalette	200
react-component-library:ComputedField	200
react-component-library:ConditionalField	200
react-component-library:ConflictResolutionFlow	200
react-component-library:ControlBase	200
react-component-library:CopyableText	200
react-component-library:DashboardPage	200
react-component-library:DataTable	200
react-component-library:DataToolbar	200
react-component-library:DescriptionList	200
react-component-library:DetailPage	200
react-component-library:Dialog	200
react-component-library:DiffViewer	200
react-component-library:DirtyStateGuard	200
react-component-library:Draggable	200
react-component-library:Drawer	200
react-component-library:DrawerShell	200
react-component-library:EditableResource	200
react-component-library:EmptyState	200
react-component-library:EntitlementErrorCard	200
react-component-library:ErrorBoundary	200
react-component-library:ErrorState	200
react-component-library:EvidenceCarousel	200
react-component-library:ExperienceSurface	200
react-component-library:FilePreview	200
react-component-library:FilterBar	200
react-component-library:FindingList	200
react-component-library:FocusTrapPanel	200
react-component-library:Form	200
react-component-library:FormActions	200
react-component-library:FormField	200
react-component-library:FormSection	200
react-component-library:GeneratedForm	200
react-component-library:GlobalCommandSystem	200
react-component-library:HealthIndicator	200
react-component-library:IconButton	200
react-component-library:Input	200
react-component-library:InspectorLayout	200
react-component-library:InspectorPanel	200
react-component-library:JsonViewer	200
react-component-library:List	200
react-component-library:LoadingState	200
react-component-library:MasterDetail	200
react-component-library:MeasurementBar	200
react-component-library:Menu	200
react-component-library:Message	200
react-component-library:Meter	200
react-component-library:MetricBreakdown	200
react-component-library:MonetizationAccount	200
react-component-library:NavLink	200
react-component-library:NavigationTree	200
react-component-library:NetworkGraph	200
react-component-library:ObjectField	200
react-component-library:OfflineState	200
react-component-library:OverlayCanvas	200
react-component-library:Page	200
react-component-library:PageFrame	200
react-component-library:PageHeader	200
react-component-library:PendingSyncBadge	200
react-component-library:PermissionState	200
react-component-library:Popover	200
react-component-library:Pressable	200
react-component-library:PreviewDock	200
react-component-library:PreviewInspector	200
react-component-library:ProgressLadder	200
react-component-library:QuarantineBadge	200
react-component-library:RadioGroup	200
react-component-library:RelativeTime	200
react-component-library:Resizable	200
react-component-library:ResizableSidebar	200
react-component-library:ResourceCollection	200
react-component-library:ResourceDetail	200
react-component-library:ResponsivePanel	200
react-component-library:ScoreGauge	200
react-component-library:ScrollableTabs	200
react-component-library:SearchFilterResults	200
react-component-library:SearchInput	400
react-component-library:SearchResults	200
react-component-library:Select	200
react-component-library:SidebarShell	200
react-component-library:Sortable	200
react-component-library:SplitPane	200
react-component-library:SplitView	200
react-component-library:Stat	200
react-component-library:StatCard	200
react-component-library:StatusBadge	200
react-component-library:StatusIndicator	200
react-component-library:StoryPalette	200
react-component-library:SubscriptionStatusCard	200
react-component-library:Switch	200
react-component-library:Table	200
react-component-library:Tabs	200
react-component-library:Textarea	200
react-component-library:Timeline	200
react-component-library:Toast	200
react-component-library:Toggle	200
react-component-library:Toolbar	200
react-component-library:Tooltip	200
react-component-library:TopBar	200
react-component-library:TreeView	200
react-component-library:UndoBanner	200
react-component-library:UndoableDestructiveAction	200
react-component-library:UnsavedChangesFlow	200
react-component-library:UpgradePrompt	200
react-component-library:ValidationSummary	200
react-component-library:VerdictSummary	200
react-component-library:VirtualList	200
react-component-library:VoiceInputButton	200
react-component-library:WorkspaceHeader	200
react-component-library:code-block	200
react-component-library:inline-code	200
react-component-library:markdown-renderer	200
react-component-library:mermaid-diagram	200
react-component-library:ClassMerge	200
react-component-library:Contracts	200
react-component-library:IconRegistry	200
react-component-library:Tokens	200
react-component-library:VisualRecipes	200
react-component-library:useAbortableTask	200
react-component-library:useAnnounce	200
react-component-library:useAsyncAction	200
react-component-library:useControllableState	200
react-component-library:useDelayedPending	200
react-component-library:useDirection	200
react-component-library:useDisclosure	200
react-component-library:useDrag	200
react-component-library:useElementRect	200
react-component-library:useEscapeKey	200
react-component-library:useFocusReturn	200
react-component-library:useFocusTrap	200
react-component-library:useFocusVisible	200
react-component-library:useHover	200
react-component-library:useHydrated	200
react-component-library:useLocale	200
react-component-library:useMediaQuery	200
react-component-library:useNetworkStatus	200
react-component-library:useOptimisticAction	200
react-component-library:useOutsideInteraction	200
react-component-library:usePress	200
react-component-library:useReducedMotion	200
react-component-library:useResizeObserver	200
react-component-library:useRetry	200
react-component-library:useRovingFocus	200
react-component-library:useScrollLock	200
react-component-library:useScrollState	200
react-component-library:useSwipe	200
react-component-library:useTypeahead	200
react-component-library:useVoiceInput	200
react-component-library:AspectRatio	200
react-component-library:Badge	400
react-component-library:Cluster	200
react-component-library:Container	400
react-component-library:EdgeFade	400
react-component-library:Heading	200
react-component-library:Icon	400
react-component-library:Inline	400
react-component-library:LayoutGroup	200
react-component-library:Link	400
react-component-library:MorphingIcon	400
react-component-library:MotionPrimitive	200
react-component-library:Presence	200
react-component-library:Progress	200
react-component-library:ProgressiveImage	200
react-component-library:ScrollArea	400
react-component-library:SelectionControl	200
react-component-library:Separator	400
react-component-library:Skeleton	400
react-component-library:Slot	200
react-component-library:Spinner	400
react-component-library:Stack	400
react-component-library:Surface	400
react-component-library:Text	400
react-component-library:Transition	200
react-component-library:CommandRegistry	404
react-component-library:DragDropStore	404
react-component-library:FormStore	404
react-component-library:LayerManager	404
react-component-library:LiveAnnouncer	404
react-component-library:ScrollRestoration	404
react-component-library:SelectionStore	404
react-component-library:ShortcutRegistry	404
react-component-library:ToastManager	404
react-component-library:UndoManager	404
react-component-library:createScopedStore	404
